model_id,old_objective,old_n_estimators,old_num_leaves,old_learning_rate,old_oof_rmse,old_oof_mae,old_oof_r2,new_objective,alpha,alpha_source,new_n_estimators,new_num_leaves,new_max_depth,new_learning_rate,new_min_child_samples,tune_cv_rmse_mean,tune_cv_rmse_std,n_trials,flags,status
lrp-rli-gbg-001,mae,131,12,0.0347582835056579,2.752618796480822,2.1115209423252788,0.24069156320221852,huber,3.9881939999999996,mad,310,37,11,0.011165720021047947,12,2.45232234414585,1.1089431644162724,150,,tuned
lrp-rli-gbg-002,mae,130,9,0.055509040295441216,2.8462203325643713,2.1709637228688576,0.1539209745567095,huber,3.9881939999999996,mad,114,46,6,0.03305359111691265,17,2.6370405535513917,1.3836375223741584,150,,tuned
lrp-rli-gbg-003,mae,366,62,0.0452552675311885,1.7574066344268104,1.334481651742981,0.08487512445892564,huber,1.9940969999999998,mad,59,62,8,0.16204239038650206,39,1.498942966375108,0.846405398629071,150,num_leaves@high;colsample_bytree@low,tuned
lrp-rli-gbg-004,mae,597,53,0.010518099280120749,1.4325348125113686,1.0678301782181165,0.13455694274053265,huber,1.9940969999999998,mad,53,51,11,0.19393288859786456,38,1.254649160504469,0.68573330405467,150,learning_rate@high,tuned
lrp-rli-gbg-005,mae,52,45,0.033583242538720685,9.155094074430787,7.007416255191603,0.11065534076636052,huber,9.970484999999998,mad,66,48,6,0.15484591361429514,39,8.012307928548434,3.980594440684289,150,,tuned
lrp-rli-gbg-006,mae,192,52,0.010015643165526266,6.708450028968729,5.128495896484059,0.08014593266049441,huber,7.976387999999999,mad,77,63,12,0.02128898434653502,4,5.9082396584897365,3.1688427316052903,150,num_leaves@high;max_depth@high;min_child_samples@low,tuned
lrp-rli-gbg-007,mae,164,14,0.10221151099025785,4.30286033562575,3.4424745537785406,0.06469473736126674,huber,6.979339499999999,mad,251,10,6,0.03147277019144279,33,3.866699977895136,1.549037906827124,150,colsample_bytree@high,tuned
lrp-rli-gbg-008,mae,86,44,0.03181238295963342,3.9876961016476904,3.0710926559637524,0.1563677901420445,huber,4.985242499999999,mad,168,14,5,0.032072258095754425,23,3.616633300119704,1.9390837570385497,150,,tuned
lrp-rli-gbg-009,mae,184,60,0.01699899204903742,4.464229128320049,3.316466167274055,0.236610157460877,huber,5.982290999999999,mad,181,51,10,0.0147576273215656,13,3.8762251835918335,1.9079967630888783,150,,tuned
lrp-rli-gbg-010,mae,310,38,0.010714935008511606,2.029307607758153,1.5077832540740645,0.10729248026766913,huber,1.9940969999999998,mad,170,49,5,0.028554158042751736,16,1.8007628207030106,0.9237393935684804,150,,tuned
lrp-rli-gbg-011,mae,238,37,0.01082688112995098,14.556360271518242,8.6918200115763,0.19368501835876561,huber,12.367232704402516,mean_abs_dev,201,8,6,0.033178725466685134,6,11.096684414735337,8.561395087202165,150,num_leaves@low,tuned
lrp-rli-gbg-012,mae,193,48,0.10459380307614677,4.156942124059371,2.9811969860453247,0.08298999800000773,huber,3.9881939999999996,mad,81,46,9,0.14156173630831012,38,3.402495781589713,2.156574594654541,150,,tuned
lrp-rli-gbg-013,mae,109,38,0.13809890473906328,1.4169612284312874,0.9871044917698183,0.2669658645565115,huber,1.9940969999999998,mad,1191,27,9,0.011225495442360225,39,1.123363124089657,0.8367384993595529,150,,tuned
lrp-rli-gbg-014,mae,27,33,0.1990927990559259,2.8321751847506578,2.179044749627434,0.21697897907711006,huber,3.9881939999999996,mad,58,49,11,0.048512968421990856,5,2.415538178008985,1.2521698118390445,150,,tuned
lrp-rli-gbg-015,mae,19,55,0.19007009842784514,3.8493308477529533,3.119481113286106,0.15446749456937703,huber,5.982290999999999,mad,12,59,12,0.1818310698055082,24,3.428426922594963,1.6039562030077539,150,max_depth@high;n_estimators<=20,tuned
lrp-rli-gbg-016,mae,44,34,0.030807756745169328,12.558791646940321,8.35441220800038,0.10250444067337205,huber,12.692427405000009,mad,57,56,7,0.12832922120578538,37,9.489730792199047,8.081417512738673,150,,tuned
lrp-rli-gbg-017,mae,3,12,0.153985052602863,2.963075693020406,2.292604483776218,0.11621866763027544,huber,3.9881939999999996,mad,22,52,3,0.1391607836594236,14,2.570861173789085,1.3278460971526465,150,max_depth@low,tuned
lrp-rli-gbg-018,mae,51,48,0.0772530439017306,2.6624497441926374,1.827029818724992,0.1424396529432379,huber,1.9940969999999998,mad,95,63,7,0.0360353868010488,14,2.0725961395566532,1.6271229140293801,150,num_leaves@high;subsample@low,tuned
lrp-rli-gbg-019,mae,10,50,0.1835524846851142,4.529512262744053,3.4867992059541617,0.12107818348400812,huber,5.982290999999999,mad,76,10,5,0.11071574309046359,32,4.057770385524776,2.1847354836782893,150,subsample@low,tuned
lrp-rli-gbg-020,mae,65,26,0.09442025238955294,6.299632380471674,4.881617805674465,0.05482265692544386,huber,8.385177885000003,mad,33,43,10,0.03161877788840951,8,5.656105339836989,2.4957212810820204,150,subsample@low,tuned
lrp-rli-gbg-021,mae,382,38,0.041272150647050684,5.052814567341717,3.1721303689203935,0.22487751864746464,huber,4.107839820000004,mad,41,55,3,0.12251125718120537,13,3.6583308723497154,3.235105336589857,150,max_depth@low,tuned
lrp-rli-gbg-022,mae,9,46,0.13156119317157547,4.621192526234658,3.612654433562969,0.021121293381763495,huber,5.772910814999984,mad,38,61,7,0.021613815087377218,14,3.9684906189820195,2.036325364181641,150,subsample@high,tuned
lrp-rli-gbl-001,mae,244,20,0.03180849249019815,2.487350968365509,1.9577869864891635,0.6558935509971713,huber,5.982290999999999,mad,42,24,3,0.13104600945507308,5,2.2365069837783595,1.0942229577783522,150,max_depth@low,tuned
lrp-rli-gbl-002,mae,173,42,0.03762847988331536,2.4446856219502076,1.9399048885279266,0.7393347688838685,huber,7.976387999999999,mad,51,25,4,0.05705177186896444,19,2.2863484645858394,0.7776730848758525,150,,tuned
lrp-rli-gbl-003,mae,59,8,0.03190399484024271,1.5977627508754553,1.2754335557814351,0.4285336232496675,huber,1.9940969999999998,mad,142,40,4,0.01597241271468781,4,1.4831950208199083,0.6093263577332085,150,min_child_samples@low,tuned
lrp-rli-gbl-004,mae,167,38,0.07211542310486023,1.5133881993436695,1.1724337034205383,0.6272395307889542,huber,3.9881939999999996,mad,269,33,6,0.012237665360572678,7,1.3450806442377814,0.6792998059163319,150,,tuned
lrp-rli-gbl-005,mae,138,31,0.054818817031093585,8.75150850041314,7.033487046000556,0.6212891867877512,huber,19.940969999999997,mad,236,38,10,0.012378008540944419,4,8.139868567060153,3.1179822635969754,150,min_child_samples@low;reg_lambda@low,tuned
lrp-rli-gbl-006,mae,103,20,0.09552591224037643,7.65916372524091,6.069633078996047,0.708826099715224,huber,17.946872999999997,mad,165,34,3,0.023608756184565618,5,6.834650374086466,3.174673743121234,150,max_depth@low,tuned
lrp-rli-gbl-007,mae,228,44,0.03176108083970576,3.663437110134041,2.8085263237132736,0.7917621561393449,huber,10.967533499999998,mad,201,37,6,0.017058410615401802,16,3.3221517871219683,1.55463101691588,150,,tuned
lrp-rli-gbl-008,mae,102,7,0.03816906301061165,3.6730421784197635,2.6311151927483403,0.6723718755784888,huber,7.976387999999999,mad,122,29,12,0.02177205848025236,12,3.1765086725256753,1.6114674754823242,150,max_depth@high,tuned
lrp-rli-gbl-009,mae,78,46,0.04009083926844514,5.57890264308262,4.4039459435770185,0.6065890413745554,huber,11.964581999999998,mad,66,60,12,0.03288220867605954,39,5.269646697826475,2.1472005826179554,150,max_depth@high,tuned
lrp-rli-gbl-010,mae,82,51,0.037177313586346,2.068968912352593,1.6839944867244032,0.3538213305805923,huber,3.9881939999999996,mad,20,55,7,0.163467985466626,30,1.8945583820391687,0.7876469532255371,150,n_estimators<=20,tuned
lrp-rli-gbl-011,mae,115,42,0.052587676389702374,15.162111308435051,9.336205156916035,0.7251851798130077,huber,25.404158878504674,mean_abs_dev,200,19,11,0.02397205933190059,6,10.784951414928775,8.569629334531927,150,,tuned
lrp-rli-gbl-012,mae,11,19,0.1645585730292784,9.450985964824284,6.15204519306333,0.5775082218109111,huber,12.961630499999998,mad,142,57,7,0.01650130408077383,7,6.590184646832929,5.104955245924869,150,reg_lambda@low,tuned
lrp-rli-gbl-013,mae,118,17,0.04811059604375191,1.3749932504150717,0.8621511680699562,0.43596874081120063,huber,1.663381642512077,mean_abs_dev,195,53,3,0.023399411381282632,4,1.0687718865561293,0.737054014587034,150,max_depth@low;min_child_samples@low,tuned
lrp-rli-gbl-014,mae,25,50,0.08818817438109383,3.1714865268678842,2.5402264634158307,0.45142930679123117,huber,5.982290999999999,mad,72,14,9,0.026970478314762396,22,2.8094694008446983,1.083960601590236,150,,tuned
lrp-rli-gbl-015,mae,63,39,0.18075869091750218,3.5701533384652167,2.9409618210488655,0.4644239303459079,huber,5.982290999999999,mad,44,50,5,0.1412237081472766,35,3.3026275116354604,1.0756356883815381,150,,tuned
lrp-rli-gbl-016,mae,137,18,0.04651737709141136,14.368336502825468,10.072517850171407,0.5422180336354809,huber,22.134476699999986,mad,182,28,3,0.020476005221400768,9,11.599748072260567,7.59395840395351,150,max_depth@low,tuned
lrp-rli-gbl-017,mae,335,61,0.03510775721307172,2.506636564168467,1.9222314609942592,0.7279724030234349,huber,7.976387999999999,mad,381,8,10,0.014233227095559997,35,2.3124689742481532,0.9873360661239565,150,num_leaves@low,tuned
lrp-rli-gbl-018,mae,123,8,0.089739696103291,2.4413325585661805,1.8592040667433278,0.7770380147696947,huber,7.976387999999999,mad,165,19,9,0.034994329338801464,10,2.2771072919682296,1.0242789100722023,150,subsample@low,tuned
lrp-rli-gbl-019,mae,1097,58,0.011278679136334829,0.4429460661306066,0.28773807742166696,0.9978776342276606,huber,15.952775999999998,mad,634,42,3,0.014308873053252466,4,0.5635541479070687,0.36142434718417094,150,max_depth@low;min_child_samples@low,tuned
lrp-rli-gbl-020,mae,149,59,0.020192620279150416,8.156115147558486,6.035587275930292,0.5986830520757269,huber,16.09236279,mad,148,42,4,0.02065113228392174,20,6.783159838429068,3.4448242775658455,150,,tuned
lrp-rli-gbl-021,mae,140,56,0.02887441463824519,5.210096245484597,3.287924921415811,0.18458067438885084,huber,3.908430119999987,mad,225,47,8,0.020446395112823673,24,3.7732685918252744,2.9725017819314132,150,,tuned
lrp-rli-gbl-022,mae,974,24,0.013487243376785122,2.751030249446059,1.4359999608250236,0.9424433102929568,huber,14.138147730000005,mad,448,22,3,0.012391758512208563,4,2.0746991654755442,2.240162752493112,150,max_depth@low;min_child_samples@low;subsample@low,tuned
lrp-rli-gbl-023,mae,990,30,0.015140353513327712,5.233147581687903,2.7914169870488914,0.9777088228549946,huber,42.932908409999996,mad,616,30,3,0.020060155124166694,4,3.2513640426559403,3.542156341404422,150,max_depth@low;min_child_samples@low,tuned
lrp-rli-gbl-024,mae,57,8,0.11706502740383587,0.5786618482509474,0.46592941417926065,0.3779307977976255,huber,1.0967533499999997,mad,49,10,3,0.14993421886527783,14,0.46812656883478004,0.24144040210022652,150,max_depth@low,tuned
lrp-rli-gbl-025,mae,135,39,0.045322397362038816,1.8076455579822908,1.3748189769054242,0.3219095658834805,huber,1.9940969999999998,mad,787,14,10,0.010354595521033166,9,1.6255000409013642,0.8417589854053158,150,learning_rate@low;subsample@low,tuned
lrp-rli-gbl-026,mae,107,43,0.15969581110081696,15.187024947000772,10.944398544166129,0.3749221799571064,huber,20.30987794499999,mad,311,8,6,0.038155083864876,31,11.92060451647356,8.751949717912868,150,num_leaves@low,tuned
lrp-rli-gbl-027,mae,184,26,0.04348455773804104,15.193215005138976,11.517685388846946,0.47569681734934766,huber,29.911454999999997,mad,117,10,8,0.04641005068519118,25,13.215695775025088,8.084160208777684,150,,tuned
lrp-rli-gbl-028,mae,57,55,0.11285393630253474,44.902350251760936,32.72862203674209,0.2698906747347247,huber,80.76092849999999,mad,25,18,7,0.14096242144070398,5,36.275777529111195,22.62442562564114,150,,tuned
