model_id,status,new_commit,new_dirty,new_objective,alpha,new_trees,new_oof_r2,new_oof_rmse,new_oof_mae,new_in_sample_r2,new_top5,new_top1_sign,new_n_z2,new_replicated,old_trees,old_oof_r2,old_oof_rmse,old_oof_mae,old_in_sample_r2,d_oof_r2,d_oof_rmse,d_oof_mae,rho_perm,top1_same,top5_overlap,old_top5,old_replicated,sign_flips_z2
lrp-rli-gbg-001,ok,4b04455a,False,huber,3.9881939999999996,310,0.26231365649171046,2.7131439108362483,2.0840169627406007,0.6185025008981493,"b1retau, rowpvt, yarclet, b1exto, age",-,4,"b1exto, b1retau, rowpvt, yarclet",131,0.24069156320221852,2.752618796480822,2.1115209423252788,0.6018078193067216,0.02162209328949194,-0.03947488564457391,-0.027503979584678095,0.7757352941176471,True,5,"b1retau, rowpvt, age, b1exto, yarclet","age, b1retau, rowpvt",-
lrp-rli-gbg-002,ok,4b04455a,False,huber,3.9881939999999996,114,0.13171703416222968,2.8833256327664296,2.1759783454540003,0.5692798726529205,"b1extau, eowpvt, erbword, blending, deappvo",-,4,"b1extau, eowpvt",130,0.1539209745567095,2.8462203325643713,2.1709637228688576,0.6610929149288495,-0.022203940394479815,0.03710530020205827,0.005014622585142625,0.5775401069518717,True,4,"b1extau, deappvo, eowpvt, erbword, deappfi","b1extau, deappvo, eowpvt",-
lrp-rli-gbg-003,ok,4b04455a,False,huber,1.9940969999999998,59,0.1026003546483718,1.740303637653571,1.3141930756871338,0.4001065797069052,"b1rent, area, spphon, aptinfo, rowpvt",-,1,b1rent,366,0.08487512445892564,1.7574066344268104,1.334481651742981,0.41041125618794605,0.01772523018944616,-0.017102996773239454,-0.020288576055847107,0.4196891191709845,True,4,"b1rent, mumedupost16, area, rowpvt, spphon",b1rent,-
lrp-rli-gbg-004,ok,4b04455a,False,huber,1.9940969999999998,53,0.0651330366737366,1.4888839282660202,1.1033480992800575,0.40247691950875863,"b1exnt, aptinfo, nonword, yarclet, ewrswr",-,2,"aptinfo, b1exnt",597,0.13455694274053265,1.4325348125113686,1.0678301782181165,0.3213452783312971,-0.06942390606679605,0.056349115754651624,0.03551792106194096,0.6603143130670476,True,4,"b1exnt, aptinfo, yarclet, celf, nonword","aptinfo, b1exnt",-
lrp-rli-gbg-005,ok,4b04455a,False,huber,9.970484999999998,66,0.12808302483568168,9.064948207599095,7.183979039434884,0.32024532145696505,"rowpvt, b1reto, agebooks, b1exto, trog",-,2,"b1reto, rowpvt",52,0.11065534076636052,9.155094074430787,7.007416255191603,0.42458043153034664,0.01742768406932116,-0.09014586683169235,0.17656278424328065,0.6004350652785005,True,3,"rowpvt, celf, b1reto, dadedupost16, trog",rowpvt,-
lrp-rli-gbg-006,ok,4b04455a,False,huber,7.976387999999999,77,0.07084335096685646,6.742286329787041,5.125208476774405,0.6906077954359897,"eowpvt, deappvo, trog, aptinfo, aptgram",-,3,"deappvo, eowpvt",192,0.08014593266049441,6.708450028968729,5.128495896484059,0.5054235708742902,-0.009302581693637957,0.03383630081831246,-0.0032874197096539604,0.5588235294117647,True,4,"eowpvt, deappvo, aptinfo, trog, b1reto","aptinfo, deappvo, eowpvt, trog",-
lrp-rli-gbg-007,ok,4b04455a,False,huber,6.979339499999999,251,0.16035492053200917,4.076884749112753,3.256995764547586,0.5140507335669053,"aptinfo, area, b1reto, ewrswr, erbword",-,2,"aptinfo, area",164,0.06469473736126674,4.30286033562575,3.4424745537785406,0.5219882830696214,0.09566018317074243,-0.22597558651299732,-0.18547878923095462,0.7734603519943499,True,5,"aptinfo, erbword, b1reto, area, ewrswr",aptinfo,-
lrp-rli-gbg-008,ok,4b04455a,False,huber,4.985242499999999,168,0.11542472144774163,4.083314926963067,3.1426144904280635,0.4345671269887178,"aptgram, erbword, trog, blending, spphon",-,4,"aptgram, erbword",86,0.1563677901420445,3.9876961016476904,3.0710926559637524,0.4702970045551721,-0.040943068694302864,0.09561882531537647,0.07152183446431115,0.6036096256684492,True,4,"aptgram, spphon, erbword, trog, age","aptgram, erbword, spphon, trog",-
lrp-rli-gbg-009,ok,4b04455a,False,huber,5.982290999999999,181,0.24123019871324414,4.45069985276729,3.305217692536131,0.6312302421633733,"yarclet, deappfi, age, dadedupost16, group",-,3,"dadedupost16, deappfi, yarclet",184,0.236610157460877,4.464229128320049,3.316466167274055,0.5528133372210939,0.004620041252367146,-0.013529275552759401,-0.01124847473792423,0.7199197860962567,True,4,"yarclet, deappfi, group, dadedupost16, celf",yarclet,-
lrp-rli-gbg-010,ok,4b04455a,False,huber,1.9940969999999998,170,0.15614773198575338,1.9729973319779308,1.5347881034285247,0.5650351398633564,"blending, erbnw, eowpvt, rowpvt, deappin",-,3,"blending, eowpvt, erbnw",310,0.10729248026766913,2.029307607758153,1.5077832540740645,0.2877323179315252,0.04885525171808425,-0.056310275780222074,0.027004849354460125,0.6471128960505883,True,4,"blending, eowpvt, rowpvt, aptinfo, erbnw","blending, eowpvt",-
lrp-rli-gbg-011,ok,4b04455a,False,huber,12.367232704402516,201,0.2861443074162634,13.696375206868382,9.125334156525016,0.859747364364228,"spphon, ewrswr, rowpvt, aptgram, erbnw",-,6,"aptgram, ewrswr, rowpvt, spphon",238,0.19368501835876561,14.556360271518242,8.6918200115763,0.5860782949080894,0.09245928905749778,-0.8599850646498606,0.433514144948715,0.6042780748663102,True,4,"spphon, ewrswr, aptgram, rowpvt, age","ewrswr, spphon",-
lrp-rli-gbg-012,ok,4b04455a,False,huber,3.9881939999999996,81,0.12694937293798236,4.056081342729163,3.017518846252952,0.36330684467339036,"age, eowpvt, hearing, blending, celf",-,2,"age, eowpvt",193,0.08298999800000773,4.156942124059371,2.9811969860453247,0.29977934698354025,0.04395937493797464,-0.1008607813302076,0.0363218602076274,0.7586725976245221,True,2,"age, yarclet, b1exto, trog, hearing","age, yarclet",-
lrp-rli-gbg-013,ok,4b04455a,False,huber,1.9940969999999998,1191,0.25823165094305445,1.425377885892763,1.0144603826287522,0.5009976498145455,"nonword, ewrswr, erbnw, age, erbword",-,3,"erbnw, ewrswr, nonword",109,0.2669658645565115,1.4169612284312874,0.9871044917698183,0.5160055528197984,-0.008734213613457054,0.008416657461475685,0.027355890858933862,0.6016545521131503,True,3,"nonword, erbnw, ewrswr, yarclet, spphon","erbnw, ewrswr, nonword",-
lrp-rli-gbg-014,ok,4b04455a,False,huber,3.9881939999999996,58,0.3120983269479466,2.6545846907401103,2.036752907803544,0.9093937093790126,"celf, blending, trog, b1exto, deappfi",-,4,"blending, celf, trog",27,0.21697897907711006,2.8321751847506578,2.179044749627434,0.6469182102572224,0.09511934787083653,-0.1775904940105475,-0.14229184182389032,0.24298128342245992,True,1,"celf, ewrswr, aptgram, spphon, agebooks",celf,-
lrp-rli-gbg-015,ok,4b04455a,False,huber,5.982290999999999,12,0.1680218786079758,3.8183526763167923,3.0497032199805276,0.3818251017203974,"trog, celf, eowpvt, age, b1exto",-,4,"celf, trog",19,0.15446749456937703,3.8493308477529533,3.119481113286106,0.4148361099792981,0.013554384038598766,-0.030978171436160995,-0.0697778933055786,0.5704969380682355,True,4,"trog, eowpvt, celf, mumedupost16, age","celf, trog",b1exto:->+
lrp-rli-gbg-016,ok,4b04455a,False,huber,12.692427405000009,57,0.1047352745458564,12.543173737285096,8.32405034000387,0.21973197434124725,"deappfi, ewrswr, b1reto, deappin, deappvo",-,2,"deappfi, ewrswr",44,0.10250444067337205,12.558791646940321,8.35441220800038,0.22320048445700724,0.00223083387248435,-0.015617909655224693,-0.030361867996509417,0.23568831145273725,True,2,"deappfi, deappin, agebooks, dadedupost16, erbword",deappfi,-
lrp-rli-gbg-017,ok,4b04455a,False,huber,3.9881939999999996,22,0.14329454805416664,2.917333635324865,2.2892683685080253,0.5697021256610193,"erbnw, ewrswr, yarclet, rowpvt, erbword",-,3,erbnw,3,0.11621866763027544,2.963075693020406,2.292604483776218,0.2866599811392474,0.027075880423891197,-0.04574205769554096,-0.003336115268192774,0.23035775276111178,True,2,"erbnw, erbword, b1reto, age, mumedupost16",erbnw,ewrswr:->+
lrp-rli-gbg-018,ok,4b04455a,False,huber,1.9940969999999998,95,0.15582037410477156,2.6415966573313754,1.832854908195116,0.39102498545326814,"erbword, deappfi, ewrswr, b1reto, agebooks",-,3,"deappfi, erbword",51,0.1424396529432379,2.6624497441926374,1.827029818724992,0.33431264534563143,0.01338072116153366,-0.02085308686126197,0.005825089470123945,0.7864304812834225,True,4,"erbword, deappfi, b1reto, mumedupost16, ewrswr","deappfi, erbword",yarcsi:->+
lrp-rli-gbg-019,ok,4b04455a,False,huber,5.982290999999999,76,0.06231835594723312,4.678471892449446,3.5896402653276422,0.289553795694384,"erbnw, erbto, deappfi, eowpvt, aptinfo",-,2,"erbnw, erbto",10,0.12107818348400812,4.529512262744053,3.4867992059541617,0.19043193812529702,-0.058759827536775,0.14895962970539323,0.10284105937348054,0.47891198044009775,True,4,"erbnw, erbto, deappfi, age, eowpvt","deappfi, erbnw, erbto",area:->+
lrp-rli-gbg-020,ok,4b04455a,False,huber,8.385177885000003,33,0.08244303026567423,6.2069046604460105,4.865564105411202,0.38230654818089027,"deappin, deappfi, b1reto, aptgram, erbword",-,3,"b1reto, deappfi, deappin",65,0.05482265692544386,6.299632380471674,4.881617805674465,0.29074707508928976,0.027620373340230375,-0.0927277200256631,-0.016053700263262805,0.23763368983957223,True,2,"deappin, b1reto, rowpvt, blending, nonword",deappin,-
lrp-rli-gbg-021,ok,4b04455a,False,huber,4.107839820000004,41,0.2833763063354173,4.858405674616882,3.1814990923374697,0.6024561680563274,"deappvo, deappfi, yarclet, deappin, celf",-,3,"deappfi, deappvo",382,0.22487751864746464,5.052814567341717,3.1721303689203935,0.40012919282240933,0.05849878768795269,-0.19440889272483552,0.009368723417076286,0.5628342245989305,True,4,"deappvo, deappfi, yarclet, deappin, time","deappfi, deappvo",-
lrp-rli-gbg-022,ok,4b04455a,False,huber,5.772910814999984,38,0.06887594480772052,4.507060573145066,3.540417827017419,0.27379843102652035,"deappav, erbnw, deappfi, ewrswr, celf",-,2,deappav,9,0.021121293381763495,4.621192526234658,3.612654433562969,0.3003697804369654,0.04775465142595703,-0.11413195308959256,-0.07223660654554998,0.24753609973686935,False,3,"deappfi, celf, yarclet, deappav, mumedupost16",deappfi,-
lrp-rli-gbl-001,ok,4b04455a,False,huber,5.982290999999999,42,0.6108359033881738,2.6451910605908653,2.033986204017046,0.9186820730969575,"celf, trog, eowpvt, b1exto, aptinfo",+,3,"celf, eowpvt, trog",244,0.6558935509971713,2.487350968365509,1.9577869864891635,0.8943575622570799,-0.04505764760899744,0.15784009222535644,0.0761992175278825,0.720307917888563,True,4,"celf, trog, b1exto, aptinfo, yarclet","aptinfo, b1exto, celf, eowpvt, trog, yarclet",-
lrp-rli-gbl-002,ok,4b04455a,False,huber,7.976387999999999,51,0.7410767207582376,2.4365033584702007,1.9529882157390015,0.883209464481143,"aptinfo, eowpvt, b1reto, trog, yarclet",+,6,"aptinfo, b1reto, eowpvt, trog",173,0.7393347688838685,2.4446856219502076,1.9399048885279266,0.9144236862001545,0.0017419518743690965,-0.008182263480006835,0.013083327211074858,0.7602639296187682,True,5,"aptinfo, eowpvt, b1reto, trog, yarclet","aptinfo, b1reto, eowpvt, trog",-
lrp-rli-gbl-003,ok,4b04455a,False,huber,1.9940969999999998,142,0.48177034790413564,1.521521452553622,1.2415294487454,0.7873238637248475,"aptinfo, b1exto, trog, rowpvt, aptgram",+,7,"aptinfo, b1exto, rowpvt, trog",59,0.4285336232496675,1.5977627508754553,1.2754335557814351,0.54009055843991,0.05323672465446816,-0.07624129832183324,-0.03390410703603508,0.6681330795176802,True,3,"aptinfo, b1exto, rowpvt, celf, erbword","aptinfo, b1exto, rowpvt",-
lrp-rli-gbl-004,ok,4b04455a,False,huber,3.9881939999999996,269,0.6391494850859649,1.4890150352517526,1.1506025502348836,0.9292950018903364,"eowpvt, aptinfo, ewrswr, mumedupost16, celf",+,5,"aptinfo, eowpvt, ewrswr",167,0.6272395307889542,1.5133881993436695,1.1724337034205383,0.8707373228867936,0.011909954297010694,-0.02437316409191692,-0.02183115318565476,0.6730205278592375,True,3,"eowpvt, aptinfo, celf, spphon, yarclet","aptinfo, celf, eowpvt",-
lrp-rli-gbl-005,ok,4b04455a,False,huber,19.940969999999997,236,0.6500049617620678,8.413176691230616,6.665934296745169,0.9633500196579056,"eowpvt, aptinfo, celf, b1reto, trog",+,7,"aptinfo, b1reto, celf, eowpvt, trog",138,0.6212891867877512,8.75150850041314,7.033487046000556,0.8371818737658633,0.028715774974316544,-0.3383318091825238,-0.3675527492553874,0.6495601173020527,False,5,"b1reto, aptinfo, celf, eowpvt, trog","aptinfo, b1reto, celf, eowpvt, trog",-
lrp-rli-gbl-006,ok,4b04455a,False,huber,17.946872999999997,165,0.7403337336502709,7.232907283412538,5.642677972505647,0.9299229035771682,"b1exto, rowpvt, aptinfo, celf, ewrswr",+,9,"aptinfo, b1exto, celf, ewrswr, rowpvt",103,0.708826099715224,7.65916372524091,6.069633078996047,0.9586933773493861,0.03150763393504685,-0.4262564418283725,-0.4269551064904,0.7536656891495601,True,4,"b1exto, aptinfo, rowpvt, celf, age","age, aptinfo, b1exto, b1reto, celf, rowpvt",-
lrp-rli-gbl-007,ok,4b04455a,False,huber,10.967533499999998,201,0.7992934637550819,3.5965795393865685,2.7844485309427034,0.9175959021924526,"aptgram, b1exto, eowpvt, b1reto, rowpvt",+,6,"aptgram, b1exto, b1reto, eowpvt, rowpvt",228,0.7917621561393449,3.663437110134041,2.8085263237132736,0.9058459399699287,0.0075313076157370595,-0.06685757074747256,-0.024077792770570206,0.7917888563049852,True,5,"aptgram, b1exto, eowpvt, rowpvt, b1reto","aptgram, b1exto, b1reto, eowpvt, rowpvt",-
lrp-rli-gbl-008,ok,4b04455a,False,huber,7.976387999999999,122,0.6691212928147661,3.6912183635884714,2.677663080768997,0.8605914932219271,"aptinfo, erbword, erbnw, ewrswr, deappfi",+,5,"aptinfo, deappin, erbnw, erbword",102,0.6723718755784888,3.6730421784197635,2.6311151927483403,0.8241516437264895,-0.003250582763722698,0.018176185168707892,0.0465478880206569,0.8071847507331378,True,4,"aptinfo, erbword, erbnw, deappin, deappfi","aptinfo, deappin, erbnw, erbword",-
lrp-rli-gbl-009,ok,4b04455a,False,huber,11.964581999999998,66,0.6025957581790393,5.607145234865913,4.512259936157083,0.6888284063117269,"ewrswr, b1exto, erbword, nonword, spphon",+,4,"b1exto, ewrswr, nonword",78,0.6065890413745554,5.57890264308262,4.4039459435770185,0.7200570056767118,-0.003993283195516062,0.028242591783293136,0.10831399258006424,0.5588559231636117,True,3,"ewrswr, b1exto, deappin, nonword, b1reto","b1exto, ewrswr, nonword",-
lrp-rli-gbl-010,ok,4b04455a,False,huber,3.9881939999999996,20,0.3821265719927368,2.023146889171472,1.666284539485127,0.6530028094704368,"nonword, rowpvt, erbword, b1reto, group",+,2,nonword,82,0.3538213305805923,2.068968912352593,1.6839944867244032,0.5335807520585969,0.02830524141214452,-0.04582202318112083,-0.017709947239276325,0.5986070381231672,False,1,"ewrswr, b1reto, spphon, trog, yarclet",-,-
lrp-rli-gbl-011,ok,4b04455a,False,huber,25.404158878504674,200,0.7614915107073232,14.125099851464277,8.873726020609206,0.9814385314934532,"ewrswr, yarcsi, age, nonword, deappin",+,6,"age, ewrswr, yarcsi",115,0.7251851798130077,15.162111308435051,9.336205156916035,0.9565891914960062,0.036306330894315564,-1.0370114569707738,-0.462479136306829,0.752565982404692,True,3,"ewrswr, yarcsi, age, yarclet, erbword","age, ewrswr, yarclet, yarcsi",-
lrp-rli-gbl-012,ok,4b04455a,False,huber,12.961630499999998,142,0.6104739683810579,9.074782617469271,6.15375131460891,0.8575438312776721,"spphon, yarclet, aptgram, erbword, nonword",+,9,"aptinfo, spphon, yarclet",11,0.5775082218109111,9.450985964824284,6.15204519306333,0.8281635143785472,0.03296574657014684,-0.3762033473550126,0.0017061215455802525,0.5989736070381232,True,3,"spphon, yarclet, eowpvt, aptgram, celf","eowpvt, erbword, spphon, yarclet",-
lrp-rli-gbl-013,ok,4b04455a,False,huber,1.663381642512077,195,0.5037822758693313,1.289689356506887,0.9067834414826712,0.8417133752837296,"ewrswr, spphon, b1reto, yarclet, rowpvt",+,4,"b1reto, ewrswr, spphon, yarclet",118,0.43596874081120063,1.3749932504150717,0.8621511680699562,0.6891971895051316,0.0678135350581307,-0.08530389390818471,0.04463227341271503,0.49193548387096764,True,5,"ewrswr, spphon, b1reto, rowpvt, yarclet","ewrswr, spphon",b1reto:+>-; behav:->+
lrp-rli-gbl-014,ok,4b04455a,False,huber,5.982290999999999,72,0.5109844603374118,2.994386800670938,2.43577111073622,0.6647316040717572,"eowpvt, b1reto, rowpvt, b1exto, trog",+,5,"b1exto, b1reto, eowpvt, rowpvt",25,0.45142930679123117,3.1714865268678842,2.5402264634158307,0.7427842716046651,0.059555153546180684,-0.17709972619694625,-0.10445535267961059,0.6598240469208211,False,5,"b1reto, eowpvt, rowpvt, trog, b1exto","b1exto, b1reto, eowpvt, rowpvt",-
lrp-rli-gbl-015,ok,4b04455a,False,huber,5.982290999999999,44,0.47564775063488796,3.5325462394320084,2.9026087431294507,0.6854743747309695,"b1reto, b1exto, rowpvt, celf, dadedupost16",+,3,"b1exto, b1reto, rowpvt",63,0.4644239303459079,3.5701533384652167,2.9409618210488655,0.698570938436056,0.011223820288980058,-0.03760709903320825,-0.03835307791941478,0.4494134897360703,True,4,"b1reto, b1exto, rowpvt, celf, ewrswr","b1exto, b1reto, rowpvt",-
lrp-rli-gbl-016,ok,4b04455a,False,huber,22.134476699999986,182,0.539026930396342,14.418328880882195,10.03972500192667,0.8428497933526741,"deappin, erbword, erbnw, ewrswr, numchil",+,2,"deappin, erbword",137,0.5422180336354809,14.368336502825468,10.072517850171407,0.8065584400286172,-0.0031911032391389593,0.04999237805672685,-0.03279284824473727,0.7738269794721406,True,5,"deappin, erbword, ewrswr, erbnw, numchil","deappin, erbword",-
lrp-rli-gbl-017,ok,4b04455a,False,huber,7.976387999999999,381,0.7253623285981927,2.518633305022289,1.9424198710570786,0.8676182243447739,"erbword, deappin, deappfi, aptinfo, deappvo",+,1,erbword,335,0.7279724030234349,2.506636564168467,1.9222314609942592,0.9007424240587041,-0.0026100744252421926,0.011996740853822185,0.02018841006281935,0.4945014662756597,True,4,"erbword, aptinfo, deappfi, deappin, yarcsi","aptinfo, deappfi, erbword, yarcsi",-
lrp-rli-gbl-018,ok,4b04455a,False,huber,7.976387999999999,165,0.7772672106874325,2.4400774402852288,1.9110265924017962,0.9648093992362917,"erbnw, deappin, deappfi, aptinfo, blending",+,6,"aptinfo, deappfi, deappin, erbnw",123,0.7770380147696947,2.4413325585661805,1.8592040667433278,0.9472719395385102,0.00022919591773784553,-0.0012551182809517059,0.051822525658468344,0.62866568914956,True,4,"erbnw, deappin, deappfi, aptgram, aptinfo","aptgram, deappfi, deappin, erbnw",mumedupost16:+>-
lrp-rli-gbl-019,ok,4b04455a,False,huber,15.952775999999998,634,0.9974645801954387,0.48413409817261666,0.31741142788025634,0.9997483661737088,"erbword, erbnw, deappfi, yarclet, trog",+,2,"erbnw, erbword",1097,0.9978776342276606,0.4429460661306066,0.28773807742166696,0.9996126062886248,-0.0004130540322219156,0.04118803204201005,0.029673350458589376,0.23295454545454547,True,3,"erbword, erbnw, spphon, aptgram, deappfi","deappin, erbnw, erbword",rowpvt:+>-
lrp-rli-gbl-020,ok,4b04455a,False,huber,16.09236279,148,0.6254650210352495,7.879266505437125,5.931423024695937,0.7882041285980277,"deappfi, deappvo, erbword, erbnw, age",+,6,"deappfi, deappvo, erbnw, erbword",149,0.5986830520757269,8.156115147558486,6.035587275930292,0.7358016016834231,0.026781968959522562,-0.27684864212136073,-0.10416425123435502,0.8060850439882697,True,4,"deappfi, deappvo, erbword, erbnw, aptgram","aptgram, deappfi, deappvo, erbnw, erbword",-
lrp-rli-gbl-021,ok,4b04455a,False,huber,3.908430119999987,225,0.22385199686607737,5.083086710391475,3.339880780876222,0.46283711363026636,"deappin, erbword, agebooks, erbnw, rowpvt",+,1,deappin,140,0.18458067438885084,5.210096245484597,3.287924921415811,0.3452910802862239,0.03927132247722653,-0.12700953509312196,0.051955859460410814,0.7063782991202344,True,5,"deappin, erbword, agebooks, erbnw, rowpvt","agebooks, deappin",-
lrp-rli-gbl-022,ok,4b04455a,False,huber,14.138147730000005,448,0.9315977368617779,2.999043030956124,1.580335464634853,0.9922050418079834,"deappfi, deappin, deappvo, erbword, aptgram",+,4,"deappfi, deappin, deappvo, erbword",974,0.9424433102929568,2.751030249446059,1.4359999608250236,0.9718627445477062,-0.010845573431178868,0.24801278151006478,0.1443355038098295,0.40741978609625673,True,4,"deappfi, deappin, deappvo, erbword, erbnw","deappfi, deappin, deappvo, erbword",-
lrp-rli-gbl-023,ok,4b04455a,False,huber,42.932908409999996,616,0.9782397668461401,5.170448934330303,2.7853363982890027,0.999581282386605,"deappfi, deappin, deappvo, erbnw, b1exto",+,5,"deappfi, deappin, deappvo, erbnw",990,0.9777088228549946,5.233147581687903,2.7914169870488914,0.9927509200492569,0.0005309439911455049,-0.06269864735759967,-0.006080588759888705,0.6129679144385027,True,4,"deappfi, deappin, deappvo, erbword, erbnw","deappfi, deappin, deappvo, erbnw, erbword",aptgram:+>-; erbword:+>-
lrp-rli-gbl-024,ok,4b04455a,False,huber,1.0967533499999997,49,0.4689301847742887,0.5346644497466025,0.4417345666697339,0.7861762848271099,"deappin, aptinfo, erbword, yarcsi, erbnw",+,4,"aptinfo, deappin, erbword",57,0.3779307977976255,0.5786618482509474,0.46592941417926065,0.8973992591344392,0.09099938697666321,-0.04399739850434481,-0.024194847509526773,0.569040486501324,False,4,"erbword, aptinfo, deappin, erbnw, b1reto",erbword,-
lrp-rli-gbl-025,ok,4b04455a,False,huber,1.9940969999999998,787,0.2717800650458526,1.8732716093996518,1.4284783938375873,0.559687760909048,"erbword, deappin, aptinfo, dadedupost16, erbnw",+,1,erbword,135,0.3219095658834805,1.8076455579822908,1.3748189769054242,0.8181382581159035,-0.050129500837627905,0.065626051417361,0.05365941693216314,0.6624331550802139,False,4,"deappin, erbword, dadedupost16, deappfi, aptinfo",deappin,deappfi:+>-
lrp-rli-gbl-026,ok,4b04455a,False,huber,20.30987794499999,311,0.39805149793174144,14.903399075855324,11.013950738916565,0.7268940577122938,"deappin, area, agebooks, age, deappvo",+,4,"area, deappin",107,0.3749221799571064,15.187024947000772,10.944398544166129,0.6082517819382501,0.023129317974635022,-0.283625871145448,0.06955219475043606,0.7377354135664859,True,3,"deappin, area, erbword, aptinfo, age","aptinfo, area, deappin, erbword",eowpvt:->+
lrp-rli-gbl-027,ok,4b04455a,False,huber,29.911454999999997,117,0.4333233277574481,15.79523545523402,12.659236369046631,0.7613497761538189,"deappin, erbword, rowpvt, aptinfo, agebooks",+,1,deappin,184,0.47569681734934766,15.193215005138976,11.517685388846946,0.9170489124136468,-0.04237348959189957,0.6020204500950435,1.1415509801996855,0.5121259526135846,True,3,"deappin, aptinfo, rowpvt, erbnw, trog","aptinfo, deappin",-
lrp-rli-gbl-028,ok,4b04455a,False,huber,80.76092849999999,25,0.2613557001942073,45.164041811088985,33.35772928933203,0.8925512973419342,"deappin, aptinfo, erbword, trog, erbnw",+,2,deappin,57,0.2698906747347247,44.902350251760936,32.72862203674209,0.7300180249085727,-0.008534974540517437,0.26169155932804955,0.6291072525899395,0.3753342245989305,True,4,"deappin, aptinfo, trog, erbnw, agebooks",deappin,-
